model,variant,RMSE,MAE,MAPE,MASE
timesfm,xreg_b,4149.768258856116,3795.3668384746557,17.37947223443927,1.029042958437602
