model,variant,RMSE,MAE,MAPE,MASE
timesfm,xreg_static,3562.702633763819,3185.283102010851,13.661714546147246,0.8653609628654837
