model,variant,RMSE,MAE,MAPE,MASE
timesfm,xreg_a,3551.1515620736777,3174.7358488957716,13.603014134025967,0.8622203148091029
